Produk Makanan,Preferensi,Harga,Restoran,Rating,Lokasi,URL_Gambar
Mie Goreng Bandung,Chinese,41000,"Mie Bandung Chinese Food, Ngampilan","4,4","Jl. Bhayangkara No.38, Ngupasan, Kec. Gondomanan, Kota Yogyakarta, Daerah Istimewa Yogyakarta ",https://encrypted-tbn0.gstatic.com/images?q=tbn:ANd9GcQ3-R2Bwnmq-KldUbAABrXa6XIgasGJUUY59g&s
Soto Tauco Pekalongan,Indonesia,16000,Soto tauco pekalongan bu iswi,"4,7","Jl. Pramuka No.42, Giwangan, Kec. Kotagede, Kota Yogyakarta, Daerah Istimewa Yogyakarta",https://www.finnafood.com/blog/wp-content/uploads/2024/05/tauto-pekalongan.jpg
Bakso Spesial,Indonesia,18000,Bakso Spesial Pak Jum,"3,6","Jl. Glagahsari No.31, Warungboto, Kec. Umbulharjo, Kota Yogyakarta, Daerah Istimewa Yogyakarta",https://akcdn.detik.net.id/visual/2020/01/03/c993eff2-ea2b-412a-b7ab-69ed1011a2b7_43.jpeg?w=720&q=90
Soto Ayam Kampung,Indonesia,13000,Soto Ayam Kampung Dan Soto Daging Sapi Pak Ben,"3,8","Jl Tuntungan UH 3/1087 Tahunan, Umbulharjo, Yogyakarta","https://blue.kumparan.com/image/upload/fl_progressive,fl_lossy,c_fill,q_auto:best,w_640/v1608983819/iwtinvrdf1iwfzc7y6sr.jpg"
Soto Danging Sapi,Indonesia,15000,Soto Ayam Kampung Dan Soto Daging Sapi Pak Ben,"3,8","Jl Tuntungan UH 3/1087 Tahunan, Umbulharjo, Yogyakarta",https://blog.tokowahab.com/wp-content/uploads/2020/06/Resep-Soto-Daging-yang-Empuk-dan-Lezat.jpg
Gulai Ayam Kampung,Indonesia,23000,Soto Ayam Kampung Dan Soto Daging Sapi Pak Ben,"3,8","Jl Tuntungan UH 3/1087 Tahunan, Umbulharjo, Yogyakarta",https://img.kurio.network/TCQBRrwdSJbI4mnoYVdN4_Avkh8=/1200x1200/filters:quality(80)/https://kurio-img.kurioapps.com/22/07/26/778419cb-d050-4164-840c-d466248160a8.jpg
B2 Panggang Campur,Indonesia,46000,Toba Tabo,5,"Jl. Ipda Tut Harsono, Muja Muju, Kec. Umbulharjo, Kota Yogyakarta, Daerah Istimewa Yogyakarta",https://i.gojekapi.com/darkroom/gofood-indonesia/v2/images/uploads/7426937b-7ba5-4a40-b8ad-2541b79ac197_Go-Biz_20200709_105422.jpeg
B2 Goreng Campur,Indonesia,46000,Toba Tabo,5,"Jl. Ipda Tut Harsono, Muja Muju, Kec. Umbulharjo, Kota Yogyakarta, Daerah Istimewa Yogyakarta",https://cahayameat.com/wp-content/uploads/2023/04/75231099-898943560501492-3113897181545588561-n-df2eaa3e71f01caeff7e1cc8ba137b98_600x400.jpg
Ayam Margota,Indonesia,32000,Toba Tabo,5,"Jl. Ipda Tut Harsono, Muja Muju, Kec. Umbulharjo, Kota Yogyakarta, Daerah Istimewa Yogyakarta",https://dentistvschef.wordpress.com/wp-content/uploads/2014/11/ayam-pinadar-manuk-saksang-margota-namargota-napinadar-braised-chicken-blood-dinuguan.jpg
B2 Rica Rica,Indonesia,37000,Toba Tabo,5,"Jl. Ipda Tut Harsono, Muja Muju, Kec. Umbulharjo, Kota Yogyakarta, Daerah Istimewa Yogyakarta",https://i.ytimg.com/vi/mSwwXJuBzZQ/mqdefault.jpg
Sate B2 ,Indonesia,12000,Toba Tabo,5,"Jl. Ipda Tut Harsono, Muja Muju, Kec. Umbulharjo, Kota Yogyakarta, Daerah Istimewa Yogyakarta",https://img-global.cpcdn.com/recipes/577c6cada6de0206/1200x630cq70/photo.jpg
Philly Cheese Steak,Western,52000,Burgerax Imogiri Timur,"4,7","Jl. Imogiri Tim. No.km 6, RW.9, Nglebeng, Tamanan, Kec. Banguntapan, Kabupaten Bantul, Daerah Istimewa Yogyakarta",https://www.simplyrecipes.com/thmb/4QRPMwVS6qgbFr2mQVi7hVzuh_0=/1500x0/filters:no_upscale():max_bytes(150000):strip_icc()/Simply-Recipes-Philly-Cheesesteak-LEAD-2-b182ca21d19344159d44efd361db1477.jpg
Bomb Burger,Western,52000,Burgerax Imogiri Timur,"5,7","Jl. Imogiri Tim. No.km 6, RW.9, Nglebeng, Tamanan, Kec. Banguntapan, Kabupaten Bantul, Daerah Istimewa Yogyakarta",https://images.tokopedia.net/img/cache/700/VqbcmM/2022/9/6/31d0c0f6-da93-4c56-aa8a-78e909e66c73.jpg
Pulung Barbeque,Western,85000,Pulung Steak & Ribs,"4,1","Jl. Affandi No.55, Mrican, Caturtunggal, Kec. Depok, Kabupaten Sleman, Daerah Istimewa Yogyakarta",https://i.gojekapi.com/darkroom/gofood-indonesia/v2/images/uploads/8e985948-b30a-4dad-8961-33eced57299c_Go-Biz_20220131_073900.jpeg
Spaghetti Steak Sauce Brown,Western,21000,Pulung Steak & Ribs,"4,1","Jl. Affandi No.55, Mrican, Caturtunggal, Kec. Depok, Kabupaten Sleman, Daerah Istimewa Yogyakarta",https://d31qjkbvvkyanm.cloudfront.net/images/recipe-images/ny-strip-steak-with-spaghetti-detail-2c85ae60.jpg
Nasi Gudek ,Indonesia,21600,"Gudeg Yu Narni, Ngasem","4,9","Jl Ngasem No 54 B, Kraton, Yogyakarta",https://encrypted-tbn0.gstatic.com/images?q=tbn:ANd9GcQtMcTBIt-BHKn7NhOyeE5fOTxOUNzIU6-dCw&s
Martabak telur,Indonesia,40000,"Martabak Pak Ali, Taman SIswa","4,8","Jl Taman Siswa (Sebrang Hotel Prime Cailendra), Mergangsan, Yogyakarta",https://asset.kompas.com/crops/ewuCt68kFfhq7qOqenylBi2GMbs=/34x24:651x436/750x500/data/photo/2020/12/08/5fcf53204e904.jpg
Martabak manis,Indonesia,28000,"Martabak Pak Ali, Taman SIswa","4,8","Jl Taman Siswa (Sebrang Hotel Prime Cailendra), Mergangsan, Yogyakarta",https://cdn0-production-images-kly.akamaized.net/o0wGMbhMBXM7zFo_O2xzWxJMq-4=/1200x675/smart/filters:quality(75):strip_icc():format(jpeg)/kly-media-production/medias/2526959/original/071062500_1544648799-resep-martabak-manis-praktis-tanpa-telur-anti-gagal.jpg
Mie ayam yamin pedas,Indonesia,28000,"Mie ayam Bandung 59, Beskalan","4,9","Jl Beskalan No 35, Gondomanan, Yogyakarta",https://awsimages.detik.net.id/community/media/visual/2023/03/04/resep-mie-ayam-rica_43.jpeg?w=600&q=90
Mie Pangsit Chili Oil,Indonesia,23000,"Mie ayam Bandung 59, Beskalan","4,9","Jl Beskalan No 35, Gondomanan, Yogyakarta",https://cdn.idntimes.com/content-images/post/20231017/snapinstaapp-373585775-316752451037908-2440360421675798270-n-1080-f781e4754ac4c54755cf3edfc151d1d2.jpg
Nasi campur,Indonesia,33000,"Mie ayam Bandung 59, Beskalan","4,9","Jl Beskalan No 35, Gondomanan, Yogyakarta",https://awsimages.detik.net.id/community/media/visual/2023/02/07/nasi-campur-bali-3_169.png?w=1200
Nasi sate Buntel,Indonesia,27500,"Sate Bundel 69, Beskalen","4,8","Jl Beskalan No 16, Gondomanan, Yogyakarta",https://asset.kompas.com/crops/13s3VjlTLJDabBTBmmS08XphFVY=/0x0:1000x667/750x500/data/photo/2020/07/30/5f2242077ea7b.jpg
Nasi Lotek Bakwan,Indonesia,21350,"Lotek pedas Bu Tarti, Kasihan","4,9",Gang Derduku (Utara Lapangan Dasawarsa Kadipiro),https://assets.promediateknologi.id/crop/0x0:0x0/750x500/webp/photo/p1/53/2023/10/25/051670200_1662693270-shutterstock_1887200683-3693363223.jpg
Nasi lotek telur,Indonesia,25550,"Lotek pedas Bu Tarti, Kasihan","4,9",Gang Derduku (Utara Lapangan Dasawarsa Kadipiro),https://down-id.img.susercontent.com/file/62ea35bd3a468c4ecbe7ca2b48ac6f86
Nasi ayam sambel bledek,Indonesia,24200,Penyetan Ijo & Sego Pecel Tumpangan Denok,"4,7","Blimbingsari Ct4 No 78 Rt 05 Catur tunggal, Depok Sleman",https://img-global.cpcdn.com/recipes/5060a52cda153379/680x482cq70/nasi-pecel-sambal-tumpang-khas-solo-foto-resep-utama.jpg
Sego pecel Tumpang,Indonesia,17700,Penyetan Ijo & Sego Pecel Tumpangan Denok,"4,7","Blimbingsari Ct4 No 78 Rt 05 Catur tunggal, Depok Sleman",https://foto.kontan.co.id/VAixqRX2v6Xb3JEjfow9W-O-3gc=/smart/filters:format(webp)/2022/04/21/1375487665p.jpg
Indomie geprek Demit Pehu,Indonesia,15900,Penyetan Ijo & Sego Pecel Tumpangan Denok,"4,7","Blimbingsari Ct4 No 78 Rt 05 Catur tunggal, Depok Sleman",https://rakyatsulsel.fajar.co.id/wp-content/uploads/2024/08/Praktis-dengan-Bahan-Sederhana-Ini-Resep-Nasi-Goreng-Special-1.jpg.webp
Nasi Goreng Legenda Sapi,Chinese,33600,"Nasi Goreng Legenda, Pake","4,8",Jalan Tegalmulyo Rt 11/ RW 02 No 18 Yogyakarta,https://thumb.viva.id/vivabanyuwangi/665x374/2024/09/17/66e942f1580e4-ilustrasi-nasi-goreng_banyuwangi.jpg
Nasi Goreng Legenda Ayam,Chinese,25200,"Nasi Goreng Legenda, Pake","4,8",Jalan Tegalmulyo Rt 11/ RW 02 No 18 Yogyakarta,https://static.promediateknologi.id/crop/0x0:0x0/750x500/webp/photo/2021/07/21/1108539251.jpg
Sate ayam Charsiu,Chinese,25200,"Nasi Goreng Legenda, Pake","4,8",Jalan Tegalmulyo Rt 11/ RW 02 No 18 Yogyakarta,https://i.pinimg.com/originals/3b/f5/6e/3bf56e876d5783fe339a5daaa8b33d6b.jpg
Mie goreng Seafood,Chinese,32800,"Nasi Goreng Legenda, Pake","4,8",Jalan Tegalmulyo Rt 11/ RW 02 No 18 Yogyakarta,https://dcostseafood.id/wp-content/uploads/2019/02/Bakmi-goreng-seafood-2.jpg
Kwetiau Goreng Seafood,Chinese,39200,"Nasi Goreng Legenda, Pake","4,8",Jalan Tegalmulyo Rt 11/ RW 02 No 18 Yogyakarta,https://www.masakapahariini.com/wp-content/uploads/2020/09/kwetiau-goreng-seafood.jpg
Sate taichan,Chinese,26600,"Nasi Goreng Legenda, Pake","4,8",Jalan Tegalmulyo Rt 11/ RW 02 No 18 Yogyakarta,https://www.finnafood.com/blog/wp-content/uploads/2023/05/resep-sate-taichan-empuk.jpg
Mentai Gyudon,Jepang,33500,"Gyu katsu, Cik Ditiro","4,9","Jalan Cik Ditiro No 36, Gondokusuman, Yogyakarta",https://kewpie.co.id/media/image/thumbs/post/2024/06/21/kewpie_2024_gyudon-mentai_a-1360-480_thumb.jpg
Blackpepper Gyudon,Jepang,31000,"Gyu katsu, Cik Ditiro","4,9","Jalan Cik Ditiro No 36, Gondokusuman, Yogyakarta","https://static.wixstatic.com/media/8a6758_e19f2ced18274d3c862c8e6bc908ef4e~mv2.png/v1/fill/w_464,h_464,al_c,q_85,usm_0.66_1.00_0.01,enc_auto/black%20pepper%20beef%20yakiniku%20bowl%20wix.png"
BBQ Grill Ribs,Western,97500,"White house outlet 23, Gowongan Lor","4,7","Jalan Gowongan Lor no 49, Jetis, Yogyakarta",https://www.spendwithpennies.com/wp-content/uploads/2022/06/Oven-Baked-Ribs-SpendWithPennies-4.jpg
Rib soup,Western,84500,"White house outlet 23, Gowongan Lor","4,7","Jalan Gowongan Lor no 49, Jetis, Yogyakarta",https://www.allrecipes.com/thmb/43FKurG4y5SdMx_lVLKNADS7P8U=/1500x0/filters:no_upscale():max_bytes(150000):strip_icc()/158518-prime-rib-soup-DDMFS-beauty-4x3-BG-1374-46c733f4df1340079325a5afac261699.jpg
Crispy beef steak,Western,58500,"White house outlet 23, Gowongan Lor","4,7","Jalan Gowongan Lor no 49, Jetis, Yogyakarta",https://www.dapurkobe.co.id/wp-content/uploads/crispy-sirloin-steak-ala-kobe.jpg
Nasi Tim Ayam Jamur,Indonesia,20000,"Vinito kitchen, Mangunkusuman",5,"jalan Mangkukusuman No 1535 Gondokusuman, Yogyakarta",https://encrypted-tbn0.gstatic.com/images?q=tbn:ANd9GcRw-10GHNw4ssvcggAxvI7HDFPE7mk8nLQSbw&s
Rice bowl Chicken Teriyaki,Indonesia,25000,"Vinito kitchen, Mangunkusuman",5,"jalan Mangkukusuman No 1535 Gondokusuman, Yogyakarta",https://encrypted-tbn0.gstatic.com/images?q=tbn:ANd9GcSm79OVs8KjSaMhvrVeP2aHtR6NMDPsoHJKOrGeLFj2Lo6tUEae-aSldW_2P75KY2PT1cY&usqp=CAU
Beef Lsagna,Indonesia,25000,"Vinito kitchen, Mangunkusuman",5,"jalan Mangkukusuman No 1535 Gondokusuman, Yogyakarta",https://encrypted-tbn0.gstatic.com/images?q=tbn:ANd9GcSNIkGaXZBYU4ONEzo9Zqb7dpz1FpBd3_Amyg&s
Macaroni schotel,Indonesia,17000,"Vinito kitchen, Mangunkusuman",5,"jalan Mangkukusuman No 1535 Gondokusuman, Yogyakarta",https://www.masakapahariini.com/wp-content/uploads/2020/07/macaroni-schotel-500x300.jpg
Baked Spagethi,Indonesia,23000,"Vinito kitchen, Mangunkusuman",5,"jalan Mangkukusuman No 1535 Gondokusuman, Yogyakarta",https://encrypted-tbn0.gstatic.com/images?q=tbn:ANd9GcQCnrLWCx9sB8sqQyQMCXLyhgTuqz2VvO6mrg&s
Yamin asin pangsit rebus,Chinese,46500,"Yamie Panda, Cokroaminoto","4,9","Jalan HOS Cokroaminoto No 99, Wirobrajan, Yogyakarta",https://i.ytimg.com/vi/4uNTx9NH66Q/hq720.jpg?sqp=-oaymwEhCK4FEIIDSFryq4qpAxMIARUAAAAAGAElAADIQj0AgKJD&rs=AOn4CLCazElaE91sUayFtN4S6nHt6pP9oQ
Hakau,Chinese,28500,"Yamie Panda, Cokroaminoto","4,9","Jalan HOS Cokroaminoto No 99, Wirobrajan, Yogyakarta",https://encrypted-tbn0.gstatic.com/images?q=tbn:ANd9GcT-4upGBtYqyHtD1JS4p-rBgHbNjCSWC8EFew&s
Yamie Asin Manis,Chinese,46500,"Yamie Panda, Cokroaminoto","4,9","Jalan HOS Cokroaminoto No 99, Wirobrajan, Yogyakarta",https://img.kurio.network/0zED8zr36P8SoRXkxCee8VAylIo=/1200x900/filters:quality(80)/https://kurio-img.kurioapps.com/22/07/01/d7dae6bd-b06e-4d5d-b7cb-d8ac814c7874.jpe
Korean Garlic buns,western,55500,Mediterranea Restaurant by Kamil,"4,7","jalan Tritodipuran No 24A, Matrijeron, Yogyakarta",https://api.vip.foodnetwork.ca/wp-content/uploads/2022/09/korean-cream-cheese-garlic-bread-feat.jpg
Quinoa salad,western,80500,Mediterranea Restaurant by Kamil,"4,7","jalan Tritodipuran No 24A, Matrijeron, Yogyakarta",https://cookingwithayeh.com/wp-content/uploads/2021/09/Quinoa-Salad-0.jpg
Magret De Canard,western,129500,Mediterranea Restaurant by Kamil,"4,7","jalan Tritodipuran No 24A, Matrijeron, Yogyakarta",https://images.radio-canada.ca/v1/alimentation/recette/16x9/magrets-canard-pommes-terre-salardaise.jpg
Grilled Mahi-Mahi,western,124000,Mediterranea Restaurant by Kamil,"4,7","jalan Tritodipuran No 24A, Matrijeron, Yogyakarta",https://encrypted-tbn0.gstatic.com/images?q=tbn:ANd9GcRldOTuzuBaLsGtMq7v4KoxD_fdZrMoKBzTwQ&s
Starter salmon rilletes,western,95500,Mediterranea Restaurant by Kamil,"4,7","jalan Tritodipuran No 24A, Matrijeron, Yogyakarta",https://assets.bonappetit.com/photos/57ae48ee1b33404414975cca/master/pass/salmon-rillettes-6461.jpg
Barramundi Seared,western,22000,Mediterranea Restaurant by Kamil,"4,7","jalan Tritodipuran No 24A, Matrijeron, Yogyakarta",https://images.squarespace-cdn.com/content/v1/63d0a16cfad8c1759df2fe31/28d02048-0310-465c-9ccd-0e35bbd261cb/GCBC12_EP64_Pan-Seared-Barramundi-with-Seafood-Medley_2469-700x404.jpg
Nasi Goreng Kambing,Indonesia,18000,"Bakmi Jawa Owah (Omah Sawah), Ambarketang, Gamping","4,8","jalan Delingsari, Ambarketawang, Gamping, Sleman, Yogyakarta",https://www.finnafood.com/blog/wp-content/uploads/2023/06/17.-Nasi-Goreng-Kambing-Nikmat-dengan-Kerupuk-Udang.jpg
Bakmi Jawa Goreng,Indonesia,18000,"Bakmi Jawa Owah (Omah Sawah), Ambarketang, Gamping","4,8","jalan Delingsari, Ambarketawang, Gamping, Sleman, Yogyakarta",https://www.masakapahariini.com/wp-content/uploads/2018/10/mie-goreng-jawa-500x300.jpg
bakmi Jawa Godhog,Indonesia,18000,"Bakmi Jawa Owah (Omah Sawah), Ambarketang, Gamping","4,8","jalan Delingsari, Ambarketawang, Gamping, Sleman, Yogyakarta",https://cdn0-production-images-kly.akamaized.net/jyNt-lJ4jF86PDHJ1IqxY7KjLow=/1x74:1000x637/1200x675/filters:quality(75):strip_icc():format(jpeg)/kly-media-production/medias/4233160/original/042658000_1668994255-shutterstock_1988167997.jpg
Nasi goreng ayam,Indonesia,18000,"Bakmi Jawa Owah (Omah Sawah), Ambarketang, Gamping","4,8","jalan Delingsari, Ambarketawang, Gamping, Sleman, Yogyakarta",https://static.promediateknologi.id/crop/0x0:0x0/0x0/webp/photo/p2/21/2023/05/01/IMG_20230501_084707-1863677864.jpg
Bihun Goreng,Indonesia,18000,"Bakmi Jawa Owah (Omah Sawah), Ambarketang, Gamping","4,8","jalan Delingsari, Ambarketawang, Gamping, Sleman, Yogyakarta",https://takestwoeggs.com/wp-content/uploads/2023/04/Bihun-Goreng-Recipe-Fried-Vermicelli-Noodles-takestwoeggs-food-photography-sq.jpg
Chicken Biryani,Indian,89375,"DIL RANI Restaurant, Gejayan","4,6","Jalan Affandi - Gejayan No 50 Mrican, caturtunggal, Kec Depok, Kabupaten Sleman, Daerah Istimewa Yogyakarta",https://encrypted-tbn0.gstatic.com/images?q=tbn:ANd9GcQfVESJ-GPeasH_NbWUjJHJz0tvfyaRBAz8lA&s
Pani puri,Indian,67375,"DIL RANI Restaurant, Gejayan","4,6","Jalan Affandi - Gejayan No 50 Mrican, caturtunggal, Kec Depok, Kabupaten Sleman, Daerah Istimewa Yogyakarta",https://encrypted-tbn0.gstatic.com/images?q=tbn:ANd9GcRfLf40t2rOzTqiIY0Br3Pnmm3WmSP9e09ggA&s
Rogan josh,Indian,136125,"DIL RANI Restaurant, Gejayan","4,6","Jalan Affandi - Gejayan No 50 Mrican, caturtunggal, Kec Depok, Kabupaten Sleman, Daerah Istimewa Yogyakarta",https://encrypted-tbn0.gstatic.com/images?q=tbn:ANd9GcQh0VcGSKQONvi4nT4naKQR0HWGCWfxmuwtYg&s
Chicken Samosa,Indian,55000,"DIL RANI Restaurant, Gejayan","4,6","Jalan Affandi - Gejayan No 50 Mrican, caturtunggal, Kec Depok, Kabupaten Sleman, Daerah Istimewa Yogyakarta",https://encrypted-tbn0.gstatic.com/images?q=tbn:ANd9GcRi1DRAyjQQvcjw0wx7au8xUB0a6m6nnatfIw&s
Oriental Beef Salad,Western,44000,DF Healthy Kitchen,"4,9","Jl. Demangan Baru No.1C, Caturtunggal, Depok,  Sleman, Daerah Istimewa Yogyakarta",https://i0.wp.com/louskitchencorner.freybors.com/wp-content/uploads/2020/01/that-beef-salad-side.png?fit=1024%2C819&ssl=1
Caesar Salad,Western,38000,DF Healthy Kitchen,"4,9","Jl. Demangan Baru No.1C, Caturtunggal, Depok,  Sleman, Daerah Istimewa Yogyakarta","https://assets.bonappetit.com/photos/624215f8a76f02a99b29518f/16:9/w_4191,h_2357,c_limit/0328-ceasar-salad-lede.jpg"
Lemet,Indonesia,8000,DF Healthy Kitchen,"4,9","Jl. Demangan Baru No.1C, Caturtunggal, Depok,  Sleman, Daerah Istimewa Yogyakarta",https://img.kurio.network/MdW5mxxY8kLC-1iyq3NqzU3s1Kc=/320x320/filters:quality(80)/https://kurio-img.kurioapps.com/22/07/22/715a55dc-f7e3-489e-a946-ad65ddd2037b.jpg
Arrabiata,Western,29100,Picnic! Pasta - Tamansiswa,"4,7","Jl. Taman Siswa No.49, Wirogunan, Kec. Mergangsan, Kota Yogyakarta, Daerah Istimewa Yogyakarta",https://encrypted-tbn0.gstatic.com/images?q=tbn:ANd9GcR2Bc9s7f1zQsryU1cCeSncAfJHtBd0Y7Xpbw&s
Napolitana,Western,29100,Picnic! Pasta - Tamansiswa,"4,7","Jl. Taman Siswa No.49, Wirogunan, Kec. Mergangsan, Kota Yogyakarta, Daerah Istimewa Yogyakarta",https://www.sugarsaltmagic.com/wp-content/uploads/2022/04/Pasta-Napoletana-5FEAT-500x500.jpg
Aglio e Olio,Western,25600,Picnic! Pasta - Tamansiswa,"4,7","Jl. Taman Siswa No.49, Wirogunan, Kec. Mergangsan, Kota Yogyakarta, Daerah Istimewa Yogyakarta",https://encrypted-tbn0.gstatic.com/images?q=tbn:ANd9GcRJf6SR8w6JFF4W2LGP4NEQOG1iBfzo-luIxw&s
Carbonara,Western,29100,Picnic! Pasta - Tamansiswa,"4,7","Jl. Taman Siswa No.49, Wirogunan, Kec. Mergangsan, Kota Yogyakarta, Daerah Istimewa Yogyakarta",https://encrypted-tbn0.gstatic.com/images?q=tbn:ANd9GcTnE3WIf1PNwBdJ-KzSNtPAAX2qCLL52f7g5g&s
Nasi Pecel Pincuk,Indonesia,14000,Oz Resto & Cafe,"4,7","Ruko Permata Demangan Niaga Jl. Cendrawasih No. 1-2, Depok, Yogyakarta",https://static.promediateknologi.id/crop/0x0:0x0/0x0/webp/photo/p2/78/2024/02/23/Desain-tanpa-judul64-917246707.png
Es Kolak Durian,Indonesia,12000,Oz Resto & Cafe,"4,7","Ruko Permata Demangan Niaga Jl. Cendrawasih No. 1-2, Depok, Yogyakarta",https://i0.wp.com/resepkoki.id/wp-content/uploads/2020/01/Resep-Kolak-Durian-1.jpg?fit=557%2C600&ssl=1
Nasi Tinotuan,Indonesia,26000,Oz Resto & Cafe,"4,7","Ruko Permata Demangan Niaga Jl. Cendrawasih No. 1-2, Depok, Yogyakarta",https://www.masakapahariini.com/wp-content/uploads/2019/12/6-1.jpg
Toriniku Ramen,Japanese,26700,Ramen Kanbai,"4,6","Jln. Cenderawasih No.634B, RT 015, Banguntapan, Bantul, Yogyakarta.",https://i.gojekapi.com/darkroom/gofood-indonesia/v2/images/uploads/5fb33f4e-b4ac-4047-865f-84a355370eeb_Go-Biz_20240206_084319.jpeg
Suki Kuah Tomyam,Japanese,32400,Ramen Kanbai,"4,6","Jln. Cenderawasih No.634B, RT 015, Banguntapan, Bantul, Yogyakarta.",https://d1vbn70lmn1nqe.cloudfront.net/prod/wp-content/uploads/2023/07/25031902/Resep-Tomyam-Seafood-Enak-dan-Mudah-Dibuat.jpg
Karee Ramen,Japanese,34000,Ramen Kanbai,"4,6","Jln. Cenderawasih No.634B, RT 015, Banguntapan, Bantul, Yogyakarta.",https://encrypted-tbn0.gstatic.com/images?q=tbn:ANd9GcS6O5fgluQUW2cwQeyiTcJ_j40XyqdxV6B0KQ&s
Jenang Sum Sum Gula Jawa,Indonesia,9000,Kedai Jagoan Moy Moy,"4,6","Ponggalan Karangmiri Giwangan Gg. Cinde Amoh, Umbulharjo, Yogyakarta","https://blue.kumparan.com/image/upload/fl_progressive,fl_lossy,c_fill,q_auto:best,w_640/v1610178929/eujfvds6dy3fflfsxoeg.jpg"
Bubur Sarang Naga,Chinese,9000,Kedai Jagoan Moy Moy,"4,6","Ponggalan Karangmiri Giwangan Gg. Cinde Amoh, Umbulharjo, Yogyakarta",https://encrypted-tbn0.gstatic.com/images?q=tbn:ANd9GcRzkST9fVA8T-punDemMAp4ocmg5ExqABE9cQ&s
Hola Ensalada,Western,45900,Easy Peasy Kitchen,"4,8","Jl. Godean, Gamping, Yogyakarta",https://encrypted-tbn0.gstatic.com/images?q=tbn:ANd9GcRIRq9UHIbQbxT1-tnmucsPLGN_AbCPvPbIZQ&s
Rainbow Crunch,Western,45900,Easy Peasy Kitchen,"4,8","Jl. Godean, Gamping, Yogyakarta",https://down-my.img.susercontent.com/file/3609b764f58bca8545ad2d574a9a13fd
Classic Caesar,Western,50900,Easy Peasy Kitchen,"4,8","Jl. Godean, Gamping, Yogyakarta",https://www.allrecipes.com/thmb/mXZ0Tulwn3x9_YB_ZbkiTveDYFE=/1500x0/filters:no_upscale():max_bytes(150000):strip_icc()/229063-Classic-Restaurant-Caesar-Salad-ddmfs-4x3-231-89bafa5e54dd4a8c933cf2a5f9f12a6f.jpg
Ala Carte Roasted Chicken,Western,17000,Kiwae Ayam Kekinian,"4,6","Jl. Pandega Marta No. 106, Mlati, Yogyakarta",https://encrypted-tbn0.gstatic.com/images?q=tbn:ANd9GcR5jo5utP11GfZKF9bEMts0rDvbPV3vWr4Z_Q&s
Nasi Goreng Reisban,Western,27000,Reisban Coffee Shop,"4,7","Jl. Menukan No.278 Brontokusuman Mergangsan, Kota Yogyakarta, DIY Yogyakarta",https://awsimages.detik.net.id/community/media/visual/2022/04/15/resep-nasi-goreng-ikan-asin-dan-telor_43.jpeg?w=1200
Ramen Katsu Curry,Japanese,28500,Reisban Coffee Shop,"4,7","Jl. Menukan No.278 Brontokusuman Mergangsan, Kota Yogyakarta, DIY Yogyakarta",https://encrypted-tbn0.gstatic.com/images?q=tbn:ANd9GcQxhUtweItiCPhdezAh-kW4KovEFEqyIt5bjv_VSNb8W9_PMHka6uwnQ_rf57ESk3V92fI&usqp=CAU
Galatin Spesial,Western,39000,Essen Choco Pot,5,"Jl. Gedong Kuning No. 48A, Banguntapan, Yogyakarta",https://encrypted-tbn0.gstatic.com/images?q=tbn:ANd9GcT2dOUurGYE2TApp_0el2hE_wP2iEoPB91TPA&s
Nasi Dori Sambal Matah,Western,39000,Essen Choco Pot,5,"Jl. Gedong Kuning No. 48A, Banguntapan, Yogyakarta",https://encrypted-tbn0.gstatic.com/images?q=tbn:ANd9GcRXK8v38N-0CE4wLaTz7hVf_m42-9TMKK1fig&s
Chicken Salted Egg Rice,Western,39000,Essen Choco Pot,5,"Jl. Gedong Kuning No. 48A, Banguntapan, Yogyakarta",https://media-cdn.tripadvisor.com/media/photo-s/13/fe/47/c8/salted-egg-chicken-rice.jpg
Grilled Choco Cheese Banana,Western,22800,Essen Choco Pot,5,"Jl. Gedong Kuning No. 48A, Banguntapan, Yogyakarta",https://encrypted-tbn0.gstatic.com/images?q=tbn:ANd9GcTGnKG3SKXmswATkJUDw9_47QzBSjpdgZfv_w&s
Croffie,Western,12000,Buttersweet,"3,9","Saman Utara No. 56, Bangunharjo, Sewon, Yogyakarta",https://encrypted-tbn0.gstatic.com/images?q=tbn:ANd9GcQwoHsX73BOvNVzBw9PvsKA6vOUnfW6E7KoIylg1ZRBnyKrLqffcvbUqSoGzbyoJ4BSMr8&usqp=CAU
Baguette 30 cm,Western,14400,Buttersweet,"3,9","Saman Utara No. 56, Bangunharjo, Sewon, Yogyakarta",https://encrypted-tbn0.gstatic.com/images?q=tbn:ANd9GcTtuV3Y5m5i2x5BAq-8jKYY5SIJgRErIarcFXpdWWsv_88n47JD6lAegf056yah3uZzTMQ&usqp=CAU
"Zuppa Soup Smoked Beef, Sosis",Western,22000,Wangoen Zuppa Soup,5,"Jl. Pandeyan No. 17 A, Umbulharjo, Yogyakarta",https://pict.sindonews.net/dyn/850/pena/news/2023/01/06/185/988775/resep-praktis-zuppa-soup-ayam-yang-creamy-dan-renyah-cocok-disantap-di-kala-hujan-sht.jpg
Zuppa Soup Ayam Sosis,Western,20000,Wangoen Zuppa Soup,5,"Jl. Pandeyan No. 17 A, Umbulharjo, Yogyakarta",https://chanelmuslim.com/wp-content/uploads/2021/06/IMG_20210625_044929_copy_700x440-700x375.jpg
Macaroni Schotel Cheese,Western,26000,Mamam Food,"4,7",Jln Pringmayang Gg. Flamboyan No 21 Pringgolayan Banguntapan Bantul,https://cdn.idntimes.com/content-images/post/20210520/sch-4ada6905ea39e69843d0050ebc09083a_600x400.jpg
Macaroni Brulee,Western,38000,Mamam Food,"4,7",Jln Pringmayang Gg. Flamboyan No 21 Pringgolayan Banguntapan Bantul,https://madameschotel.com/wp-content/uploads/2021/03/macaroni-brulee-surabaya-3.jpg
Spaghetti Bolognese Cheese,Western,30000,Mamam Food,"4,7",Jln Pringmayang Gg. Flamboyan No 21 Pringgolayan Banguntapan Bantul,https://encrypted-tbn0.gstatic.com/images?q=tbn:ANd9GcRkSLwqF8QDPmkaMq5qKw3R81Zq2KYrg7kc6w&s
Cordon Bleu,Western,44850,Waroeng Steak and Shake,"4,8","Jl. Cendrawasih No. 30, Depok, Yogyakarta",https://www.cookingclassy.com/wp-content/uploads/2022/12/chicken-cordon-bleu-4.jpg
Steak Waroeng,Western,34500,Waroeng Steak and Shake,"4,8","Jl. Cendrawasih No. 30, Depok, Yogyakarta",https://images.tokopedia.net/img/KRMmCm/2024/3/19/fd02a770-1105-4d1a-9e73-51b8b1d6b531.png
Dory Grill,Western,46600,Waroeng Steak and Shake,"4,8","Jl. Cendrawasih No. 30, Depok, Yogyakarta",https://encrypted-tbn0.gstatic.com/images?q=tbn:ANd9GcTrxO4aRBSDBcXbGA1CSLex_EG7yQLrH1_NflvtxNY2Y6iiM6JcQPeUk6y4UGkBaRTHmbE&usqp=CAU
Nasi Goreng Beras Merah,Indonesia,28800,Grennesia Salad Bar,"4,7","Jl. Parangtritis No. 73, Mergangsan, Yogyakarta",https://static.promediateknologi.id/crop/0x0:0x0/0x0/webp/photo/indizone/2020/01/29/bnsbRA/t_5e313ae6ba31c.jpg
Mie Goreng Shirataki,Japanese,28000,Grennesia Salad Bar,"4,7","Jl. Parangtritis No. 73, Mergangsan, Yogyakarta",https://i0.wp.com/resepkoki.id/wp-content/uploads/2020/11/Resep-Mie-shirataki-goreng.jpg?fit=450%2C600&ssl=1
Chicken Egg Bomb Salad,Western,45000,Grennesia Salad Bar,"4,7","Jl. Parangtritis No. 73, Mergangsan, Yogyakarta",https://dishnthekitchen.com/wp-content/uploads/2023/08/coverChickenEggSalad-1460x973.jpg
Sandwich Gandum Isian Tuna,Western,33000,Grennesia Salad Bar,"4,7","Jl. Parangtritis No. 73, Mergangsan, Yogyakarta",https://encrypted-tbn0.gstatic.com/images?q=tbn:ANd9GcQxpLTKApO5LwHcRka1IPUijExJpIZEzPgSSg&s